{
    "default_model": "DesiFireXL.safetensors",
    "default_refiner": "None",
    "default_refiner_switch": 0.5,
    "default_loras": [
        [
            "sd_xl_offset_example-lora_1.0.safetensors",
            0.1
        ],
        [
            "None",
            1.0
        ],
        [
            "None",
            1.0
        ],
        [
            "None",
            1.0
        ],
        [
            "None",
            1.0
        ]
    ],
    "default_cfg_scale": 4.0,
    "default_sample_sharpness": 2.0,
    "default_sampler": "dpmpp_2m_sde_gpu",
    "default_scheduler": "karras",
    "default_performance": "Speed",
    "default_prompt": "",
    "default_prompt_negative": "",
    "default_styles": [
        "Fooocus V2",
        "Fooocus Enhance",
        "Fooocus Sharp"
    ],
    "default_aspect_ratio": "1152*896",
    "default_overwrite_step": -1,
    "checkpoint_downloads": {
        "DesiFireXL.safetensors": "https://civitai.com/api/download/models/163158?type=Model&format=SafeTensor&size=full&fp=fp16"
    },
    "embeddings_downloads": {},
    "lora_downloads": {
        "sd_xl_offset_example-lora_1.0.safetensors": "https://huggingface.co/sfdhbfhb546546/Anita/resolve/main/Nene-10.safetensors?download=true"
    },
    "previous_default_models": [
        "juggernautXL_version8Rundiffusion.safetensors",
        "juggernautXL_version7Rundiffusion.safetensors",
        "juggernautXL_v7Rundiffusion.safetensors",
        "juggernautXL_version6Rundiffusion.safetensors",
        "juggernautXL_v6Rundiffusion.safetensors"
    ]
}
