{
    "default_model": "DreamShaperXL_Turbo_dpmppSdeKarras_half_pruned_6.safetensors",
    "default_refiner": "None",
    "default_refiner_switch": 0.5,
    "default_loras": [
        [
            "None",
            1.0
        ],
        [
            "None",
            1.0
        ],
        [
            "None",
            1.0
        ],
        [
            "None",
            1.0
        ],
        [
            "None",
            1.0
        ]
    ],
    "default_cfg_scale": 2.0,
    "default_sample_sharpness": 3.0,
    "default_sampler": "dpmpp_sde",
    "default_scheduler": "karras",
    "default_performance": "Speed",
    "default_prompt": "",
    "default_prompt_negative": "",
    "default_styles": [
        "Fooocus V2",
        "Fooocus Enhance",
        "Fooocus Sharp"
    ],
    "default_aspect_ratio": "1024*1024",
    "default_overwrite_step": 6,
    "checkpoint_downloads": {
        "RealVis.safetensors": "https://civitai.com/api/download/models/361593?type=Model&format=SafeTensor&size=pruned&fp=fp16"
    },
    "embeddings_downloads": {},
    "lora_downloads": {}
}